<?xml version="1.0" encoding="utf-8" ?>
<dwsync>
<file name="icomoon.ttf" server="chimpgroup.com/jobhunter/" local="130746194400000000" remote="130786488600000000" Dst="0" />
<file name="icomoon.eot" server="chimpgroup.com/jobhunter/" local="130746194400000000" remote="130786488600000000" Dst="0" />
<file name="icomoon.svg" server="chimpgroup.com/jobhunter/" local="130746194400000000" remote="130786488600000000" Dst="0" />
<file name="icomoon.woff" server="chimpgroup.com/jobhunter/" local="130746194400000000" remote="130786488600000000" Dst="0" />
<file name="icomoon.eot" server="ftp.chimpgroup.com//chimpstudio/" local="130746194400000000" remote="130884860400000000" Dst="0" />
<file name="icomoon.ttf" server="ftp.chimpgroup.com//chimpstudio/" local="130746194400000000" remote="130884860400000000" Dst="0" />
<file name="star.eot" server="ftp.chimpgroup.com//chimpstudio/" local="130703776020000000" remote="130884860400000000" Dst="0" />
<file name="star.svg" server="ftp.chimpgroup.com//chimpstudio/" local="130703776020000000" remote="130884860400000000" Dst="0" />
<file name="icomoon.woff" server="ftp.chimpgroup.com//chimpstudio/" local="130746194400000000" remote="130884860400000000" Dst="0" />
<file name="star.ttf" server="ftp.chimpgroup.com//chimpstudio/" local="130703776020000000" remote="130884860400000000" Dst="0" />
<file name="star.woff" server="ftp.chimpgroup.com//chimpstudio/" local="130703776020000000" remote="130884860400000000" Dst="0" />
<file name="icomoon.svg" server="ftp.chimpgroup.com//chimpstudio/" local="130746194400000000" remote="130884860400000000" Dst="0" />
<file name="WooCommerce.eot" server="ftp.chimpgroup.com//chimpstudio/" local="130703776020000000" remote="130884860400000000" Dst="0" />
<file name="WooCommerce.svg" server="ftp.chimpgroup.com//chimpstudio/" local="130703776020000000" remote="130884860400000000" Dst="0" />
<file name="WooCommerce.ttf" server="ftp.chimpgroup.com//chimpstudio/" local="130703776020000000" remote="130884860400000000" Dst="0" />
<file name="WooCommerce.woff" server="ftp.chimpgroup.com//chimpstudio/" local="130703776020000000" remote="130884860400000000" Dst="0" />
</dwsync>